# _tick,_time,frames,total_loss,mean_episode_return,pg_loss,baseline_loss,entropy_loss,discrim_loss_mean,mean_rewards,mean_intrinsic_rewards,mean_total_rewards,mean_sound_features,mean_count_rewards
0,1751023396.1565044,0,1.409912109375,0.1861458420753479,0.7331409454345703,0.17756004631519318,-0.1944611817598343,0.6936723589897156,0.0012215819442644715,1.452168163496026e-09,0.0012215832248330116,2.0324547733707732e-07,0.538130521774292
